INSERT INTO category (id, name, status, created_at, updated_at)
VALUES (1,'상의', 'ACTIVE', CURRENT_TIMESTAMP, CURRENT_TIMESTAMP),
       (2,'아우터', 'ACTIVE', CURRENT_TIMESTAMP, CURRENT_TIMESTAMP),
       (3,'바지', 'ACTIVE', CURRENT_TIMESTAMP, CURRENT_TIMESTAMP),
       (4,'스니커즈', 'ACTIVE', CURRENT_TIMESTAMP, CURRENT_TIMESTAMP),
       (5,'가방', 'ACTIVE', CURRENT_TIMESTAMP, CURRENT_TIMESTAMP),
       (6,'모자', 'ACTIVE', CURRENT_TIMESTAMP, CURRENT_TIMESTAMP),
       (7,'양말', 'ACTIVE', CURRENT_TIMESTAMP, CURRENT_TIMESTAMP),
       (8,'액세서리', 'ACTIVE', CURRENT_TIMESTAMP, CURRENT_TIMESTAMP)
;

INSERT INTO brand (id, name, status, created_at, updated_at)
VALUES (1, 'A', 'ACTIVE', CURRENT_TIMESTAMP, CURRENT_TIMESTAMP),
       (2, 'B', 'ACTIVE', CURRENT_TIMESTAMP, CURRENT_TIMESTAMP),
       (3, 'C', 'ACTIVE', CURRENT_TIMESTAMP, CURRENT_TIMESTAMP),
       (4, 'D', 'ACTIVE', CURRENT_TIMESTAMP, CURRENT_TIMESTAMP),
       (5, 'E', 'ACTIVE', CURRENT_TIMESTAMP, CURRENT_TIMESTAMP),
       (6, 'F', 'ACTIVE', CURRENT_TIMESTAMP, CURRENT_TIMESTAMP),
       (7, 'G', 'ACTIVE', CURRENT_TIMESTAMP, CURRENT_TIMESTAMP),
       (8, 'H', 'ACTIVE', CURRENT_TIMESTAMP, CURRENT_TIMESTAMP),
       (9, 'I', 'ACTIVE', CURRENT_TIMESTAMP, CURRENT_TIMESTAMP)
;

INSERT INTO product (name, price, brand_id, category_id, status, created_at, updated_at)
VALUES
    ('브랜드A_상의', 11200, 1, 1, 'ACTIVE', CURRENT_TIMESTAMP, CURRENT_TIMESTAMP),
    ('브랜드A_아우터', 5500, 1, 2, 'ACTIVE', CURRENT_TIMESTAMP, CURRENT_TIMESTAMP),
    ('브랜드A_바지', 4200, 1, 3, 'ACTIVE', CURRENT_TIMESTAMP, CURRENT_TIMESTAMP),
    ('브랜드A_스니커즈', 9000, 1, 4, 'ACTIVE', CURRENT_TIMESTAMP, CURRENT_TIMESTAMP),
    ('브랜드A_가방', 2000, 1, 5, 'ACTIVE', CURRENT_TIMESTAMP, CURRENT_TIMESTAMP),
    ('브랜드A_모자', 1700, 1, 6, 'ACTIVE', CURRENT_TIMESTAMP, CURRENT_TIMESTAMP),
    ('브랜드A_양말', 1800, 1, 7, 'ACTIVE', CURRENT_TIMESTAMP, CURRENT_TIMESTAMP),
    ('브랜드A_액세서리', 2300, 1, 8, 'ACTIVE', CURRENT_TIMESTAMP, CURRENT_TIMESTAMP),

    ('브랜드B_상의', 10500, 2, 1, 'ACTIVE', CURRENT_TIMESTAMP, CURRENT_TIMESTAMP),
    ('브랜드B_아우터', 5900, 2, 2, 'ACTIVE', CURRENT_TIMESTAMP, CURRENT_TIMESTAMP),
    ('브랜드B_바지', 3800, 2, 3, 'ACTIVE', CURRENT_TIMESTAMP, CURRENT_TIMESTAMP),
    ('브랜드B_스니커즈', 9100, 2, 4, 'ACTIVE', CURRENT_TIMESTAMP, CURRENT_TIMESTAMP),
    ('브랜드B_가방', 2100, 2, 5, 'ACTIVE', CURRENT_TIMESTAMP, CURRENT_TIMESTAMP),
    ('브랜드B_모자', 2000, 2, 6, 'ACTIVE', CURRENT_TIMESTAMP, CURRENT_TIMESTAMP),
    ('브랜드B_양말', 2000, 2, 7, 'ACTIVE', CURRENT_TIMESTAMP, CURRENT_TIMESTAMP),
    ('브랜드B_액세서리', 2200, 2, 8, 'ACTIVE', CURRENT_TIMESTAMP, CURRENT_TIMESTAMP),

    ('브랜드C_상의', 10000, 3, 1, 'ACTIVE', CURRENT_TIMESTAMP, CURRENT_TIMESTAMP),
    ('브랜드C_아우터', 6200, 3, 2, 'ACTIVE', CURRENT_TIMESTAMP, CURRENT_TIMESTAMP),
    ('브랜드C_바지', 3300, 3, 3, 'ACTIVE', CURRENT_TIMESTAMP, CURRENT_TIMESTAMP),
    ('브랜드C_스니커즈', 9200, 3, 4, 'ACTIVE', CURRENT_TIMESTAMP, CURRENT_TIMESTAMP),
    ('브랜드C_가방', 2200, 3, 5, 'ACTIVE', CURRENT_TIMESTAMP, CURRENT_TIMESTAMP),
    ('브랜드C_모자', 1900, 3, 6, 'ACTIVE', CURRENT_TIMESTAMP, CURRENT_TIMESTAMP),
    ('브랜드C_양말', 2200, 3, 7, 'ACTIVE', CURRENT_TIMESTAMP, CURRENT_TIMESTAMP),
    ('브랜드C_액세서리', 2100, 3, 8, 'ACTIVE', CURRENT_TIMESTAMP, CURRENT_TIMESTAMP),

    ('브랜드D_상의', 10100, 4, 1, 'ACTIVE', CURRENT_TIMESTAMP, CURRENT_TIMESTAMP),
    ('브랜드D_아우터', 5100, 4, 2, 'ACTIVE', CURRENT_TIMESTAMP, CURRENT_TIMESTAMP),
    ('브랜드D_바지', 3000, 4, 3, 'ACTIVE', CURRENT_TIMESTAMP, CURRENT_TIMESTAMP),
    ('브랜드D_스니커즈', 9500, 4, 4, 'ACTIVE', CURRENT_TIMESTAMP, CURRENT_TIMESTAMP),
    ('브랜드D_가방', 2500, 4, 5, 'ACTIVE', CURRENT_TIMESTAMP, CURRENT_TIMESTAMP),
    ('브랜드D_모자', 1500, 4, 6, 'ACTIVE', CURRENT_TIMESTAMP, CURRENT_TIMESTAMP),
    ('브랜드D_양말', 2400, 4, 7, 'ACTIVE', CURRENT_TIMESTAMP, CURRENT_TIMESTAMP),
    ('브랜드D_액세서리', 2000, 4, 8, 'ACTIVE', CURRENT_TIMESTAMP, CURRENT_TIMESTAMP),

    ('브랜드E_상의', 10700, 5, 1, 'ACTIVE', CURRENT_TIMESTAMP, CURRENT_TIMESTAMP),
    ('브랜드E_아우터', 5000, 5, 2, 'ACTIVE', CURRENT_TIMESTAMP, CURRENT_TIMESTAMP),
    ('브랜드E_바지', 3800, 5, 3, 'ACTIVE', CURRENT_TIMESTAMP, CURRENT_TIMESTAMP),
    ('브랜드E_스니커즈', 9900, 5, 4, 'ACTIVE', CURRENT_TIMESTAMP, CURRENT_TIMESTAMP),
    ('브랜드E_가방', 2300, 5, 5, 'ACTIVE', CURRENT_TIMESTAMP, CURRENT_TIMESTAMP),
    ('브랜드E_모자', 1800, 5, 6, 'ACTIVE', CURRENT_TIMESTAMP, CURRENT_TIMESTAMP),
    ('브랜드E_양말', 2100, 5, 7, 'ACTIVE', CURRENT_TIMESTAMP, CURRENT_TIMESTAMP),
    ('브랜드E_액세서리', 2100, 5, 8, 'ACTIVE', CURRENT_TIMESTAMP, CURRENT_TIMESTAMP),

    ('브랜드F_상의', 11200, 6, 1, 'ACTIVE', CURRENT_TIMESTAMP, CURRENT_TIMESTAMP),
    ('브랜드F_아우터', 7200, 6, 2, 'ACTIVE', CURRENT_TIMESTAMP, CURRENT_TIMESTAMP),
    ('브랜드F_바지', 4000, 6, 3, 'ACTIVE', CURRENT_TIMESTAMP, CURRENT_TIMESTAMP),
    ('브랜드F_스니커즈', 9300, 6, 4, 'ACTIVE', CURRENT_TIMESTAMP, CURRENT_TIMESTAMP),
    ('브랜드F_가방', 2100, 6, 5, 'ACTIVE', CURRENT_TIMESTAMP, CURRENT_TIMESTAMP),
    ('브랜드F_모자', 1600, 6, 6, 'ACTIVE', CURRENT_TIMESTAMP, CURRENT_TIMESTAMP),
    ('브랜드F_양말', 2300, 6, 7, 'ACTIVE', CURRENT_TIMESTAMP, CURRENT_TIMESTAMP),
    ('브랜드F_액세서리', 1900, 6, 8, 'ACTIVE', CURRENT_TIMESTAMP, CURRENT_TIMESTAMP),

    ('브랜드G_상의', 10500, 7, 1, 'ACTIVE', CURRENT_TIMESTAMP, CURRENT_TIMESTAMP),
    ('브랜드G_아우터', 5800, 7, 2, 'ACTIVE', CURRENT_TIMESTAMP, CURRENT_TIMESTAMP),
    ('브랜드G_바지', 3900, 7, 3, 'ACTIVE', CURRENT_TIMESTAMP, CURRENT_TIMESTAMP),
    ('브랜드G_스니커즈', 9000, 7, 4, 'ACTIVE', CURRENT_TIMESTAMP, CURRENT_TIMESTAMP),
    ('브랜드G_가방', 2200, 7, 5, 'ACTIVE', CURRENT_TIMESTAMP, CURRENT_TIMESTAMP),
    ('브랜드G_모자', 1700, 7, 6, 'ACTIVE', CURRENT_TIMESTAMP, CURRENT_TIMESTAMP),
    ('브랜드G_양말', 2100, 7, 7, 'ACTIVE', CURRENT_TIMESTAMP, CURRENT_TIMESTAMP),
    ('브랜드G_액세서리', 2000, 7, 8, 'ACTIVE', CURRENT_TIMESTAMP, CURRENT_TIMESTAMP),

    ('브랜드H_상의', 10800, 8, 1, 'ACTIVE', CURRENT_TIMESTAMP, CURRENT_TIMESTAMP),
    ('브랜드H_아우터', 6300, 8, 2, 'ACTIVE', CURRENT_TIMESTAMP, CURRENT_TIMESTAMP),
    ('브랜드H_바지', 3100, 8, 3, 'ACTIVE', CURRENT_TIMESTAMP, CURRENT_TIMESTAMP),
    ('브랜드H_스니커즈', 9700, 8, 4, 'ACTIVE', CURRENT_TIMESTAMP, CURRENT_TIMESTAMP),
    ('브랜드H_가방', 2100, 8, 5, 'ACTIVE', CURRENT_TIMESTAMP, CURRENT_TIMESTAMP),
    ('브랜드H_모자', 1600, 8, 6, 'ACTIVE', CURRENT_TIMESTAMP, CURRENT_TIMESTAMP),
    ('브랜드H_양말', 2000, 8, 7, 'ACTIVE', CURRENT_TIMESTAMP, CURRENT_TIMESTAMP),
    ('브랜드H_액세서리', 2000, 8, 8, 'ACTIVE', CURRENT_TIMESTAMP, CURRENT_TIMESTAMP),

    ('브랜드I_상의', 11400, 9, 1, 'ACTIVE', CURRENT_TIMESTAMP, CURRENT_TIMESTAMP),
    ('브랜드I_아우터', 6700, 9, 2, 'ACTIVE', CURRENT_TIMESTAMP, CURRENT_TIMESTAMP),
    ('브랜드I_바지', 3200, 9, 3, 'ACTIVE', CURRENT_TIMESTAMP, CURRENT_TIMESTAMP),
    ('브랜드I_스니커즈', 9500, 9, 4, 'ACTIVE', CURRENT_TIMESTAMP, CURRENT_TIMESTAMP),
    ('브랜드I_가방', 2400, 9, 5, 'ACTIVE', CURRENT_TIMESTAMP, CURRENT_TIMESTAMP),
    ('브랜드I_모자', 1700, 9, 6, 'ACTIVE', CURRENT_TIMESTAMP, CURRENT_TIMESTAMP),
    ('브랜드I_양말', 1700, 9, 7, 'ACTIVE', CURRENT_TIMESTAMP, CURRENT_TIMESTAMP),
    ('브랜드I_액세서리', 2400, 9, 8, 'ACTIVE', CURRENT_TIMESTAMP, CURRENT_TIMESTAMP)
;
